<?xml version="1.0" encoding="UTF-8" standalone="no"?><Users><User id="1"><Name>Manager1</Name><Password>manage111</Password></User><User id="2"><Name>Manager2</Name><Password>manage222</Password></User><User id="3"><Name>Manager3</Name><Password>manage3</Password></User><User id="4"><Name>Manager4</Name><Password>manage444</Password></User><User id="5"><Name>Manager5</Name><Password>manage555</Password></User><User id="6"><Name>Harry</Name><Password>haa123</Password></User><User id="7"><Name>Kiara</Name><Password>kee123</Password></User><User id="8"><Name>jenny</Name><Password>yyy123</Password></User><User id="9"><Name>KinLee</Name><Password>kii123</Password></User><User id="10"><Name>Zee</Name><Password>opopopo</Password></User><User id="11"><Name>Pearl</Name><Password>pearl123</Password></User><User id="12"><Name>Geo</Name><Password>asd</Password></User><User id="13"><Name>Smita</Name><Password>fgdfgf</Password></User></Users>