<?xml version="1.0" encoding="UTF-8" standalone="no"?><Users><Candidate id="1"><Name>Harry</Name><Email>harr123@gmail.com</Email><Password>haa123</Password><Skills>JAVA</Skills><Experience>Experienced</Experience><Preference>Full-Time</Preference></Candidate><Candidate id="2"><Name>Kiara</Name><Email>kiaa@gmail.com</Email><Password>kee123</Password><Skills>BusinessManagement</Skills><Experience>Fresher</Experience><Preference>Part-Time</Preference></Candidate><Candidate id="3"><Name>jenny</Name><Email>jeean123@gmail.com</Email><Password>yyy123</Password><Skills>Coding</Skills><Experience>Experienced</Experience><Preference>Full-Time</Preference></Candidate><Candidate id="4"><Name>KinLee</Name><Email>kinlee@gmail.com</Email><Password>kii123</Password><Skills>Verilog</Skills><Experience>Experienced</Experience><Preference>Full-Time</Preference></Candidate><Candidate id="5"><Name>Zee</Name><Email>ddd123@gmail.com</Email><Password>opopopo</Password><Skills>C</Skills><Experience>Experienced</Experience><Preference>Full-Time</Preference></Candidate><Candidate id="6"><Name>Pearl</Name><Email>hrabor@gmail.com</Email><Password>pearl123</Password><Skills>Statistics</Skills><Experience>Fresher</Experience><Preference>Part-Time</Preference></Candidate><Candidate id="7"><Name>Geo</Name><Email>geo@gmail.com</Email><Password>asd</Password><Skills>C</Skills><Experience>Experienced</Experience><Preference>Full-Time</Preference></Candidate><Candidate id="8"><Name>Smita</Name><Email>Hirve@gmail.com</Email><Password>fgdfgf</Password><Skills>C**</Skills><Experience>Experienced</Experience><Preference>Part-Time</Preference></Candidate></Users>