<?xml version="1.0" encoding="UTF-8" standalone="no"?><Jobdataset><Job id="1"><Title>Sr.Software Engineer</Title><Skills>C++</Skills><Category>InformationTechnology</Category><Preference>Experienced</Preference><Type>Part-Time</Type><Positions>1</Positions><Manager>1</Manager><Candidate>11</Candidate></Job><Job id="2"><Title>Clerk</Title><Skills>Accounts</Skills><Category>Finance</Category><Preference>Experienced</Preference><Type>Full-Time</Type><Positions>3</Positions><Manager>1</Manager><Candidate>11</Candidate></Job><Job id="3"><Title>Manager</Title><Skills>Business</Skills><Category>Management</Category><Preference>Experienced</Preference><Type>Part-Time</Type><Positions>3</Positions><Manager>1</Manager><Candidate>7</Candidate></Job><Job id="4"><Title>Doctor</Title><Skills>Medical</Skills><Category>Management</Category><Preference>Experienced</Preference><Type>Full-Time</Type><Positions>1</Positions><Manager>1</Manager><Candidate> </Candidate></Job><Job id="5"><Title>Analyst</Title><Skills>data mining</Skills><Category>InformationTechnology</Category><Preference>Experienced</Preference><Type>Full-Time</Type><Positions>3</Positions><Manager>2</Manager><Candidate> </Candidate></Job><Job id="6"><Title>Data Analayst</Title><Skills>communication</Skills><Category>InformationTechnology</Category><Preference>Fresher</Preference><Type>Part-Time</Type><Positions>3</Positions><Manager>3</Manager><Candidate> </Candidate></Job></Jobdataset>